tag_a,tag_b,support
DevOps,Kubernetes,16
IA,bonnes pratiques,14
DevOps,architecture,12
IA,architecture,10
IA,développement,10
sécurité,vulnérabilités,10
AWS,architecture,9
GitHub,IA,9
architecture,cloud,9
IA,sécurité,8
ia,sécurité,8
AWS,DevOps,7
DevOps,IA,7
IA,production,7
IA,productivité,7
développement,productivité,7
AWS,cloud,6
Copilot,GitHub,6
GitHub Copilot,IA,6
IA,développement logiciel,6
architecture,bonnes pratiques,6
DevOps,bonnes pratiques,5
DevOps,sécurité,5
IA,automatisation,5
architecture,production,5
architecture,sécurité,5
automatisation,sécurité,5
bonnes pratiques,sécurité,5
développement,ia,5
kubernetes,sécurité,5
meilleures pratiques,sécurité,5
open source,sécurité,5
